{
    "faces":[42,14,18,12,0,0,1,2,0,0,0,42,22,13,20,0,3,4,2,1,1,2,42,24,15,23,0,5,6,2,3,3,3,42,26,17,25,0,0,6,2,4,4,4,42,21,19,27,0,5,6,2,5,5,5,42,2,8,0,0,7,3,3,6,7,7,42,3,9,2,0,8,7,7,6,7,6,42,1,10,3,0,9,8,8,6,7,6,42,0,11,1,0,3,9,9,7,7,6,42,14,16,18,0,0,10,1,0,0,0,42,22,5,13,0,3,11,4,1,2,1,42,24,7,15,0,5,12,6,3,3,3,42,26,6,17,0,0,13,6,4,4,4,42,21,4,19,0,5,12,6,5,5,5,42,2,9,8,0,7,7,3,6,7,7,42,3,10,9,0,8,8,7,6,7,7,42,1,11,10,0,9,9,8,6,7,7,42,0,8,11,0,3,3,9,7,7,7],
    "metadata":{
        "materials":1,
        "vertices":28,
        "version":3,
        "normals":8,
        "faces":18,
        "uvs":1,
        "type":"Geometry",
        "generator":"io_three"
    },
    "normals":[0,1,0,0,0,0.999969,0,0,1,1,0,0,0,0,-1,-1,0,0,0,-0.999969,0,0,-1,0],
    "vertices":[-67.2147,0.176426,32.4881,64.6986,0.176426,32.4881,-67.2147,0.176424,-33.4686,64.6986,0.176424,-33.4686,-67.2147,118.898,32.4881,64.6986,118.898,32.4881,-67.2147,118.898,-33.4686,64.6986,118.898,-33.4686,-63.2573,0.176426,28.5307,-63.2573,0.176424,-29.5112,60.7412,0.176424,-29.5112,60.7412,0.176426,28.5307,-67.2147,118.898,32.4881,-67.2147,118.898,32.4881,64.6986,118.898,32.4881,64.6986,118.898,32.4881,64.6986,118.898,-33.4686,64.6986,118.898,-33.4686,-67.2147,118.898,-33.4686,-67.2147,118.898,-33.4686,-67.2147,0.176426,32.4881,-67.2147,0.176426,32.4881,64.6986,0.176426,32.4881,64.6986,0.176426,32.4881,64.6986,0.176424,-33.4686,64.6986,0.176424,-33.4686,-67.2147,0.176424,-33.4686,-67.2147,0.176424,-33.4686],
    "uvs":[[1000,0,0,500,0,0,1,0,0,1,500,0,0,900,1,500,-999,500,-999,0,1000,500,1,1,500,900,1000,900]],
    "materials":[{
        "doubleSided":false,
        "DbgName":"box",
        "depthWrite":true,
        "transparent":false,
        "DbgColor":15658734,
        "opacity":1,
        "mapDiffuseRepeat":[1,1],
        "DbgIndex":0,
        "colorDiffuse":[0.64,0.64,0.64],
        "shading":"phong",
        "mapDiffuseAnisotropy":1,
        "colorSpecular":[0.5,0.5,0.5],
        "specularCoef":50,
        "visible":true,
        "depthTest":true,
        "wireframe":false,
        "mapDiffuseWrap":["repeat","repeat"],
        "blending":1,
        "mapDiffuse":"Flooring_Parquet_Parallel_J01_Diff.jpg",
        "colorEmissive":[0,0,0]
    }]
}